{
  "model": "vit_base_patch14_dinov2.lvd142m",
  "probe": "linear",
  "clean_acc": 98.78,
  "cifar10c_acc": 90.608,
  "mCA": 90.608,
  "RR": 0.9173,
  "severity_auc": {
    "brightness": 393.525,
    "contrast": 391.105,
    "defocus_blur": 385.83000000000004,
    "elastic_transform": 358.84999999999997,
    "fog": 375.81000000000006,
    "frost": 381.96999999999997,
    "gaussian_blur": 382.945,
    "gaussian_noise": 312.89500000000004,
    "glass_blur": 288.055,
    "impulse_noise": 379.56000000000006,
    "jpeg_compression": 361.6,
    "motion_blur": 363.495,
    "pixelate": 356.1600000000001,
    "shot_noise": 332.38,
    "snow": 379.875,
    "zoom_blur": 380.62
  },
  "per_corruption": {
    "brightness": {
      "1": 98.75,
      "2": 98.63,
      "3": 98.51,
      "4": 98.32,
      "5": 97.38
    },
    "contrast": {
      "1": 98.82,
      "2": 98.55,
      "3": 98.31,
      "4": 97.72,
      "5": 94.23
    },
    "defocus_blur": {
      "1": 98.62,
      "2": 98.15,
      "3": 97.32,
      "4": 95.56,
      "5": 90.98
    },
    "elastic_transform": {
      "1": 95.86,
      "2": 95.85,
      "3": 94.61,
      "4": 85.54,
      "5": 69.84
    },
    "fog": {
      "1": 98.55,
      "2": 97.81,
      "3": 96.31,
      "4": 92.9,
      "5": 79.03
    },
    "frost": {
      "1": 98.16,
      "2": 97.11,
      "3": 95.03,
      "4": 94.88,
      "5": 91.74
    },
    "gaussian_blur": {
      "1": 98.62,
      "2": 97.4,
      "3": 96.13,
      "4": 94.7,
      "5": 90.81
    },
    "gaussian_noise": {
      "1": 94.65,
      "2": 87.45,
      "3": 76.14,
      "4": 70.12,
      "5": 63.72
    },
    "glass_blur": {
      "1": 79.89,
      "2": 79.28,
      "3": 78.51,
      "4": 60.56,
      "5": 59.52
    },
    "impulse_noise": {
      "1": 98.47,
      "2": 97.76,
      "3": 96.61,
      "4": 92.49,
      "5": 86.93
    },
    "jpeg_compression": {
      "1": 95.4,
      "2": 91.76,
      "3": 90.55,
      "4": 88.81,
      "5": 85.56
    },
    "motion_blur": {
      "1": 97.06,
      "2": 94.16,
      "3": 89.44,
      "4": 89.72,
      "5": 83.29
    },
    "pixelate": {
      "1": 98.11,
      "2": 96.04,
      "3": 94.27,
      "4": 84.17,
      "5": 65.25
    },
    "shot_noise": {
      "1": 96.73,
      "2": 93.86,
      "3": 82.03,
      "4": 75.85,
      "5": 64.55
    },
    "snow": {
      "1": 97.78,
      "2": 95.94,
      "3": 95.21,
      "4": 93.77,
      "5": 92.13
    },
    "zoom_blur": {
      "1": 96.53,
      "2": 96.6,
      "3": 95.84,
      "4": 94.45,
      "5": 90.93
    }
  }
}