{
  "model": "vit_base_patch16_clip_224.openai",
  "probe": "knn",
  "clean_acc": 92.95,
  "cifar10c_acc": 69.372,
  "mCA": 69.372,
  "RR": 0.7463,
  "severity_auc": {
    "brightness": 361.57,
    "contrast": 322.42499999999995,
    "defocus_blur": 329.46,
    "elastic_transform": 303.655,
    "fog": 338.645,
    "frost": 305.625,
    "gaussian_blur": 307.415,
    "gaussian_noise": 157.17000000000002,
    "glass_blur": 118.11000000000001,
    "impulse_noise": 293.195,
    "jpeg_compression": 236.40499999999997,
    "motion_blur": 296.91,
    "pixelate": 273.395,
    "shot_noise": 199.305,
    "snow": 316.53,
    "zoom_blur": 306.065
  },
  "per_corruption": {
    "brightness": {
      "1": 92.59,
      "2": 92.08,
      "3": 91.08,
      "4": 89.7,
      "5": 84.83
    },
    "contrast": {
      "1": 92.12,
      "2": 89.28,
      "3": 85.86,
      "4": 78.8,
      "5": 44.85
    },
    "defocus_blur": {
      "1": 92.34,
      "2": 89.81,
      "3": 85.07,
      "4": 77.57,
      "5": 61.68
    },
    "elastic_transform": {
      "1": 85.75,
      "2": 85.65,
      "3": 81.38,
      "4": 68.72,
      "5": 50.06
    },
    "fog": {
      "1": 92.38,
      "2": 90.11,
      "3": 87.16,
      "4": 81.85,
      "5": 66.67
    },
    "frost": {
      "1": 88.3,
      "2": 82.18,
      "3": 73.68,
      "4": 72.93,
      "5": 65.37
    },
    "gaussian_blur": {
      "1": 92.48,
      "2": 85.18,
      "3": 77.95,
      "4": 70.19,
      "5": 55.71
    },
    "gaussian_noise": {
      "1": 67.09,
      "2": 48.52,
      "3": 34.06,
      "4": 28.69,
      "5": 24.71
    },
    "glass_blur": {
      "1": 34.31,
      "2": 34.52,
      "3": 34.02,
      "4": 21.65,
      "5": 21.53
    },
    "impulse_noise": {
      "1": 88.29,
      "2": 82.51,
      "3": 76.8,
      "4": 63.99,
      "5": 51.5
    },
    "jpeg_compression": {
      "1": 72.51,
      "2": 62.44,
      "3": 59.12,
      "4": 54.3,
      "5": 48.58
    },
    "motion_blur": {
      "1": 86.74,
      "2": 79.83,
      "3": 71.4,
      "4": 71.34,
      "5": 61.94
    },
    "pixelate": {
      "1": 87.3,
      "2": 78.56,
      "3": 73.46,
      "4": 55.12,
      "5": 45.21
    },
    "shot_noise": {
      "1": 77.07,
      "2": 65.84,
      "3": 44.36,
      "4": 36.92,
      "5": 27.3
    },
    "snow": {
      "1": 88.23,
      "2": 80.1,
      "3": 80.36,
      "4": 76.5,
      "5": 70.91
    },
    "zoom_blur": {
      "1": 84.67,
      "2": 82.02,
      "3": 76.95,
      "4": 72.37,
      "5": 64.78
    }
  }
}