{
  "model": "vit_base_patch14_dinov2.lvd142m",
  "probe": "knn",
  "clean_acc": 98.81,
  "cifar10c_acc": 89.154,
  "mCA": 89.155,
  "RR": 0.9023,
  "severity_auc": {
    "brightness": 393.41999999999996,
    "contrast": 390.565,
    "defocus_blur": 385.91499999999996,
    "elastic_transform": 356.41499999999996,
    "fog": 373.90999999999997,
    "frost": 378.995,
    "gaussian_blur": 382.51000000000005,
    "gaussian_noise": 283.125,
    "glass_blur": 265.5,
    "impulse_noise": 382.70500000000004,
    "jpeg_compression": 356.95500000000004,
    "motion_blur": 361.785,
    "pixelate": 351.93,
    "shot_noise": 309.83,
    "snow": 378.42499999999995,
    "zoom_blur": 381.145
  },
  "per_corruption": {
    "brightness": {
      "1": 98.78,
      "2": 98.71,
      "3": 98.55,
      "4": 98.25,
      "5": 97.04
    },
    "contrast": {
      "1": 98.79,
      "2": 98.59,
      "3": 98.31,
      "4": 97.53,
      "5": 93.48
    },
    "defocus_blur": {
      "1": 98.64,
      "2": 98.18,
      "3": 97.35,
      "4": 95.69,
      "5": 90.75
    },
    "elastic_transform": {
      "1": 95.78,
      "2": 95.9,
      "3": 94.64,
      "4": 84.52,
      "5": 66.93
    },
    "fog": {
      "1": 98.64,
      "2": 97.81,
      "3": 96.1,
      "4": 92.05,
      "5": 77.26
    },
    "frost": {
      "1": 98.21,
      "2": 97.03,
      "3": 94.03,
      "4": 93.74,
      "5": 90.18
    },
    "gaussian_blur": {
      "1": 98.64,
      "2": 97.33,
      "3": 96.18,
      "4": 94.51,
      "5": 90.34
    },
    "gaussian_noise": {
      "1": 93.71,
      "2": 83.57,
      "3": 67.47,
      "4": 59.15,
      "5": 52.16
    },
    "glass_blur": {
      "1": 75.67,
      "2": 74.86,
      "3": 73.82,
      "4": 52.9,
      "5": 52.17
    },
    "impulse_noise": {
      "1": 98.43,
      "2": 98.05,
      "3": 97.14,
      "4": 93.76,
      "5": 89.08
    },
    "jpeg_compression": {
      "1": 95.08,
      "2": 91.05,
      "3": 89.46,
      "4": 87.12,
      "5": 83.57
    },
    "motion_blur": {
      "1": 97.12,
      "2": 94.02,
      "3": 89.07,
      "4": 88.93,
      "5": 82.41
    },
    "pixelate": {
      "1": 98.12,
      "2": 95.97,
      "3": 93.7,
      "4": 82.8,
      "5": 60.8
    },
    "shot_noise": {
      "1": 96.26,
      "2": 92.38,
      "3": 75.83,
      "4": 66.75,
      "5": 53.48
    },
    "snow": {
      "1": 97.9,
      "2": 95.89,
      "3": 94.84,
      "4": 93.16,
      "5": 91.17
    },
    "zoom_blur": {
      "1": 96.44,
      "2": 96.7,
      "3": 95.81,
      "4": 94.7,
      "5": 91.43
    }
  }
}