{
  "model": "vit_base_patch16_clip_224.openai",
  "probe": "linear",
  "clean_acc": 95.44,
  "cifar10c_acc": 78.38,
  "mCA": 78.38,
  "RR": 0.8213,
  "severity_auc": {
    "brightness": 375.405,
    "contrast": 346.315,
    "defocus_blur": 359.1650000000001,
    "elastic_transform": 334.505,
    "fog": 361.48,
    "frost": 340.725,
    "gaussian_blur": 348.355,
    "gaussian_noise": 214.71499999999997,
    "glass_blur": 173.265,
    "impulse_noise": 303.71999999999997,
    "jpeg_compression": 291.095,
    "motion_blur": 329.5,
    "pixelate": 310.78499999999997,
    "shot_noise": 259.425,
    "snow": 347.15,
    "zoom_blur": 347.155
  },
  "per_corruption": {
    "brightness": {
      "1": 95.17,
      "2": 94.95,
      "3": 94.21,
      "4": 93.42,
      "5": 90.48
    },
    "contrast": {
      "1": 95.27,
      "2": 93.23,
      "3": 90.99,
      "4": 86.16,
      "5": 56.6
    },
    "defocus_blur": {
      "1": 95.03,
      "2": 93.7,
      "3": 91.4,
      "4": 87.56,
      "5": 77.98
    },
    "elastic_transform": {
      "1": 90.51,
      "2": 90.6,
      "3": 88.29,
      "4": 78.51,
      "5": 63.7
    },
    "fog": {
      "1": 95.21,
      "2": 93.91,
      "3": 92.27,
      "4": 88.78,
      "5": 77.83
    },
    "frost": {
      "1": 92.99,
      "2": 89.54,
      "3": 83.32,
      "4": 83.0,
      "5": 76.74
    },
    "gaussian_blur": {
      "1": 95.0,
      "2": 91.36,
      "3": 88.48,
      "4": 84.35,
      "5": 73.33
    },
    "gaussian_noise": {
      "1": 81.2,
      "2": 65.32,
      "3": 48.88,
      "4": 41.81,
      "5": 36.21
    },
    "glass_blur": {
      "1": 48.4,
      "2": 49.55,
      "3": 50.32,
      "4": 32.43,
      "5": 33.53
    },
    "impulse_noise": {
      "1": 89.38,
      "2": 84.35,
      "3": 78.97,
      "4": 67.75,
      "5": 55.92
    },
    "jpeg_compression": {
      "1": 83.77,
      "2": 75.83,
      "3": 72.9,
      "4": 68.72,
      "5": 63.52
    },
    "motion_blur": {
      "1": 91.81,
      "2": 87.16,
      "3": 80.32,
      "4": 79.94,
      "5": 72.35
    },
    "pixelate": {
      "1": 92.31,
      "2": 86.09,
      "3": 81.66,
      "4": 67.84,
      "5": 58.08
    },
    "shot_noise": {
      "1": 87.3,
      "2": 79.95,
      "3": 61.3,
      "4": 53.67,
      "5": 41.71
    },
    "snow": {
      "1": 92.98,
      "2": 87.65,
      "3": 87.55,
      "4": 84.95,
      "5": 81.02
    },
    "zoom_blur": {
      "1": 90.24,
      "2": 89.71,
      "3": 87.49,
      "4": 84.96,
      "5": 79.75
    }
  }
}