{
  "model": "vit_base_patch16_224.mae",
  "probe": "knn",
  "clean_acc": 51.91,
  "cifar10c_acc": 36.53,
  "mCA": 36.53,
  "RR": 0.7037,
  "severity_auc": {
    "brightness": 172.735,
    "contrast": 106.26000000000002,
    "defocus_blur": 166.12,
    "elastic_transform": 165.255,
    "fog": 128.72500000000002,
    "frost": 120.23,
    "gaussian_blur": 149.165,
    "gaussian_noise": 116.035,
    "glass_blur": 150.125,
    "impulse_noise": 134.735,
    "jpeg_compression": 165.95999999999998,
    "motion_blur": 138.635,
    "pixelate": 171.04,
    "shot_noise": 130.85,
    "snow": 161.85500000000002,
    "zoom_blur": 146.685
  },
  "per_corruption": {
    "brightness": {
      "1": 50.98,
      "2": 48.22,
      "3": 44.65,
      "4": 38.77,
      "5": 31.21
    },
    "contrast": {
      "1": 44.95,
      "2": 28.19,
      "3": 23.73,
      "4": 21.75,
      "5": 20.23
    },
    "defocus_blur": {
      "1": 50.41,
      "2": 46.93,
      "3": 42.2,
      "4": 36.98,
      "5": 29.61
    },
    "elastic_transform": {
      "1": 44.71,
      "2": 44.47,
      "3": 40.52,
      "4": 38.88,
      "5": 38.06
    },
    "fog": {
      "1": 49.26,
      "2": 38.51,
      "3": 30.14,
      "4": 25.3,
      "5": 20.29
    },
    "frost": {
      "1": 41.27,
      "2": 33.74,
      "3": 26.44,
      "4": 27.27,
      "5": 24.29
    },
    "gaussian_blur": {
      "1": 50.28,
      "2": 41.99,
      "3": 35.8,
      "4": 32.51,
      "5": 27.45
    },
    "gaussian_noise": {
      "1": 39.14,
      "2": 31.66,
      "3": 27.07,
      "4": 25.67,
      "5": 24.13
    },
    "glass_blur": {
      "1": 38.92,
      "2": 38.91,
      "3": 38.99,
      "4": 35.07,
      "5": 35.39
    },
    "impulse_noise": {
      "1": 44.86,
      "2": 38.0,
      "3": 33.34,
      "4": 28.15,
      "5": 25.63
    },
    "jpeg_compression": {
      "1": 44.36,
      "2": 41.99,
      "3": 41.61,
      "4": 40.79,
      "5": 38.78
    },
    "motion_blur": {
      "1": 43.95,
      "2": 37.51,
      "3": 32.61,
      "4": 32.08,
      "5": 28.92
    },
    "pixelate": {
      "1": 49.09,
      "2": 45.32,
      "3": 43.61,
      "4": 39.24,
      "5": 36.65
    },
    "shot_noise": {
      "1": 43.87,
      "2": 38.32,
      "3": 30.14,
      "4": 27.92,
      "5": 25.07
    },
    "snow": {
      "1": 48.72,
      "2": 41.38,
      "3": 41.63,
      "4": 38.36,
      "5": 32.25
    },
    "zoom_blur": {
      "1": 42.14,
      "2": 39.68,
      "3": 36.54,
      "4": 33.84,
      "5": 31.11
    }
  }
}