{
  "model": "vit_base_patch16_224.mae",
  "probe": "linear",
  "clean_acc": 88.14,
  "cifar10c_acc": 63.806,
  "mCA": 63.806,
  "RR": 0.7239,
  "severity_auc": {
    "brightness": 346.54499999999996,
    "contrast": 239.14500000000004,
    "defocus_blur": 303.885,
    "elastic_transform": 294.885,
    "fog": 283.355,
    "frost": 299.585,
    "gaussian_blur": 277.515,
    "gaussian_noise": 157.17000000000002,
    "glass_blur": 226.205,
    "impulse_noise": 115.07,
    "jpeg_compression": 282.68500000000006,
    "motion_blur": 259.84499999999997,
    "pixelate": 244.17,
    "shot_noise": 183.01,
    "snow": 299.49,
    "zoom_blur": 281.475
  },
  "per_corruption": {
    "brightness": {
      "1": 88.16,
      "2": 87.72,
      "3": 87.19,
      "4": 86.22,
      "5": 82.67
    },
    "contrast": {
      "1": 85.88,
      "2": 74.81,
      "3": 63.55,
      "4": 46.85,
      "5": 21.99
    },
    "defocus_blur": {
      "1": 87.22,
      "2": 84.25,
      "3": 78.87,
      "4": 70.65,
      "5": 53.01
    },
    "elastic_transform": {
      "1": 79.75,
      "2": 80.71,
      "3": 76.54,
      "4": 67.49,
      "5": 60.54
    },
    "fog": {
      "1": 86.46,
      "2": 81.03,
      "3": 73.24,
      "4": 63.73,
      "5": 44.25
    },
    "frost": {
      "1": 84.79,
      "2": 80.57,
      "3": 72.85,
      "4": 71.79,
      "5": 63.96
    },
    "gaussian_blur": {
      "1": 87.19,
      "2": 78.72,
      "3": 70.68,
      "4": 61.81,
      "5": 45.42
    },
    "gaussian_noise": {
      "1": 59.27,
      "2": 43.95,
      "3": 35.86,
      "4": 32.88,
      "5": 29.69
    },
    "glass_blur": {
      "1": 60.85,
      "2": 60.6,
      "3": 59.35,
      "4": 50.72,
      "5": 50.22
    },
    "impulse_noise": {
      "1": 55.95,
      "2": 36.32,
      "3": 26.56,
      "4": 17.42,
      "5": 13.59
    },
    "jpeg_compression": {
      "1": 77.5,
      "2": 72.28,
      "3": 70.26,
      "4": 68.62,
      "5": 65.55
    },
    "motion_blur": {
      "1": 80.51,
      "2": 71.33,
      "3": 60.98,
      "4": 60.95,
      "5": 52.66
    },
    "pixelate": {
      "1": 83.85,
      "2": 73.1,
      "3": 67.39,
      "4": 45.87,
      "5": 31.77
    },
    "shot_noise": {
      "1": 68.66,
      "2": 57.13,
      "3": 40.05,
      "4": 36.18,
      "5": 30.64
    },
    "snow": {
      "1": 83.09,
      "2": 74.05,
      "3": 76.44,
      "4": 73.15,
      "5": 68.61
    },
    "zoom_blur": {
      "1": 78.84,
      "2": 76.08,
      "3": 71.18,
      "4": 65.63,
      "5": 58.33
    }
  }
}